col1,col2,col3,col4,col5
L1,3080910,021BIQUEIRA,021_BIQ-1,BIQUEIRA-1
L2,3080910,022BIQUEIRA,022_BIQ-2,BIQUEIRA-2
L3,3080910,023BIQUEIRA,023_BIQ-3,BIQUEIRA-3
L4,3080910,024BIQUEIRA,024_BIQ-4,BIQUEIRA-4
L5,3080910,025BIQUEIRA,025_BIQ-5,BIQUEIRA-5
L6,3060908,026GASPEA,026_GAS-1,GASPEA-1
L7,3060908,027GASPEA,027_GAS-2,GASPEA-2
L8,3060908,028GASPEA,028_GAS-3,GASPEA-3
L9,3060908,029GASPEA,029_GAS-4,GASPEA-4
L10,3060908,030GASPEA,030_GAS-5,GASPEA-5
L11,3060400,031GASPEA,031_,
L12,3060400,032GASPEA,032_,
L13,3060400,033GASPEA,033_,
L14,3060400,034GASPEA,034_,
L15,3061317,035GASPEA,035_GAS+LIN-1,GASPEA+LINGUETA-1
L16,3061317,036GASPEA,036_GAS+LIN-2,GASPEA+LINGUETA-2
L17,3060400,037GASPEA,037_,
L18,3061314,038GASPEA,038_GAS+VIS-1,GASPEA+VISTA-1
L19,3061314,039GASPEA,039_GAS+VIS-2,GASPEA+VISTA-2
L20,3060400,040GASPEA,040_,
L21,3061317,041GASPEA,041_GAS+ETI-1,GASPEA+ETIQUETA-1
L22,3061317,042GASPEA,042_GAS+ETI-2,GASPEA+ETIQUETA-2
L23,3060400,043GASPEA,043_,
L24,3061317,044GASPEA,044_GAS+TRA-1,GASPEA+TRASEIRO-1
L25,3061317,045GASPEA,045_GAS+TRA-2,GASPEA+TRASEIRO-2
L26,3060400,046GASPEA,046_,
L27,3080910,047LINGUETA,047_LIN-1,LINGUETA-1
L28,3080910,048LINGUETA,048_LIN-2,LINGUETA-2
L29,3080910,049LINGUETA,049_LIN-3,LINGUETA-3
L30,3080400,050LINGUETA,050_,
L31,3081319,051LINGUETA,051_LIN-INF-1,LINGUETA INFERIOR-1
L32,3081319,052LINGUETA,052_LIN-INF-2,LINGUETA INFERIOR-2
L33,3080400,053LINGUETA,053_,
L34,3081319,054LINGUETA,054_LIN-SUP-1,LINGUETA SUPERIOR-1
L35,3081319,055LINGUETA,055_LIN-SUP-2,LINGUETA SUPERIOR-2
L36,3080400,056LINGUETA,056_,
L37,3080400,057LINGUETA,057_,
L38,3050907,058VISTA,058_VIS-1,VISTA-1
L39,3050907,059VISTA,059_VIS-2,VISTA-2
L40,3050400,060VISTA,060_,
L41,3051315,061VISTA,061_VIS-EXT-1,VISTA EXTERNA-1
L42,3051315,062VISTA,062_VIS-INT-1,VISTA INTERNA-1
L43,3051315,063VISTA,063_VIS-EXT-2,VISTA EXTERNA-2
L44,3051315,064VISTA,064_VIS-INT-2,VISTA INTERNA-2
L45,3050400,065VISTA,065_,
L46,3050400,066VISTA,066_,
L47,3051415,067VISTA,067_VIS-CENT-1,VISTA CENTRAL-1
L48,3051415,068VISTA,068_VIS-CENT-2,VISTA CENTRAL-2
L49,3050400,069VISTA,069_,
L50,3051316,070VISTA,070_VIS-SUP-1,VISTA SUPERIOR-1
L51,3051316,071VISTA,071_VIS-SUP-2,VISTA SUPERIOR-2
L52,3050400,072VISTA,072_,
L53,3070909,073LATERAL,073_LAT-1,LATERAL-1
L54,3070909,074LATERAL,074_LAT-2,LATERAL-2
L55,3070400,075LATERAL,075_,
L56,3071317,076LATERAL,076_LAT-EXT-1,LATERAL EXTERNA-1
L57,3071317,077LATERAL,077_LAT-INT-1,LATERAL INTERNA-1
L58,3071317,078LATERAL,078_LAT-EXT-2,LATERAL EXTERNA-2
L59,3071317,079LATERAL,079_LAT-INT-2,LATERAL INTERNA-2
L60,3071317,080LATERAL,080_LAT-EXT-3,LATERAL EXTERNA-3
L61,3071317,081LATERAL,081_LAT-INT-3,LATERAL INTERNA-3
L62,3071317,082LATERAL,082_LAT-EXT-4,LATERAL EXTERNA-4
L63,3071317,083LATERAL,083_LAT-INT-4,LATERAL INTERNA-4
L64,3071317,084LATERAL,084_LAT-EXT-5,LATERAL EXTERNA-5
L65,3071317,085LATERAL,085_LAT-INT-5,LATERAL INTERNA-5
L66,3040906,086TIRA,086_TIR-1,TIRA-1
L67,3040906,087TIRA,087_TIR-2,TIRA-2
L68,3040906,088TIRA,088_TIR-3,TIRA-3
L69,3040400,089TIRA,089_,
L70,3041314,090TIRA,090_TIR-EXT-1,TIRA EXTERNA-1
L71,3041314,091TIRA,091_TIR-INT-1,TIRA INTERNA-1
L72,3041314,092TIRA,092_TIR-EXT-2,TIRA EXTERNA-2
L73,3041314,093TIRA,093_TIR-INT-2,TIRA INTERNA-2
L74,3041314,094TIRA,094_TIR-EXT-3,TIRA EXTERNA-3
L75,3041314,095TIRA,095_TIR-INT-3,TIRA INTERNA-3
L76,3040400,096TIRA,096_,
L77,3040400,097TIRA,097_,
L78,3080910,098TRASEIRO,098_TRA-1,TRASEIRO-1
L79,3080910,099TRASEIRO,099_TRA-2,TRASEIRO-2
L80,3080910,100TRASEIRO,100_TRA-3,TRASEIRO-3
L81,3080400,101TRASEIRO,101_,
L82,3081318,102TRASEIRO,102_TRA-EXT-1,TRASEIRO EXTERNO-1
L83,3081318,103TRASEIRO,103_TRA-INT-1,TRASEIRO INTERNO-1
L84,3081318,104TRASEIRO,104_TRA-EXT-2,TRASEIRO EXTERNO-2
L85,3081318,105TRASEIRO,105_TRA-INT-2,TRASEIRO INTERNO-2
L86,3081319,106TRASEIRO,106_TRA-SUP-1,TRASEIRO SUPERIOR-1
L87,3081319,107TRASEIRO,107_TRA-SUP-2,TRASEIRO SUPERIOR-2
L88,3080400,108TRASEIRO,108_,
L89,3060909,109DEBRUM,109_DEB-1,DEBRUM -1
L90,3060909,110DEBRUM,110_DEB-2,DEBRUM -2
L91,3060909,111DEBRUM,111_DEB-3,DEBRUM -3
L92,3060400,112DEBRUM,112_,
L93,3061317,113DEBRUM,113_DEB-LIN-1,DEBRUM LINGUETA-1
L94,3061317,114DEBRUM,114_DEB-LIN-2,DEBRUM LINGUETA-2
L95,3060400,115DEBRUM,115_,
L96,3061726,116DEBRUM,116_DEB-LIN-SUP-1,DEBRUM LINGUETA SUPERIOR-1
L97,3061726,117DEBRUM,117_DEB-LIN-SUP-2,DEBRUM LINGUETA SUPERIOR-2
L98,3060400,118DEBRUM,118_,
L99,3060400,119DEBRUM,119_,
L100,3061314,120DEBRUM,120_DEB-VIS-1,DEBRUM VISTA-1
L101,3061314,121DEBRUM,121_DEB-VIS-2,DEBRUM VISTA-2
L102,3060400,122DEBRUM,122_,
L103,3061722,123DEBRUM,123_DEB-VIS-EXT-1,DEBRUM VISTA EXTERNA-1
L104,3061722,124DEBRUM,124_DEB-VIS-INT-1,DEBRUM VISTA INTERNA-1
L105,3060400,125DEBRUM,125_,
L106,3060400,126DEBRUM,126_,
L107,3061316,127DEBRUM,127_DEB-LAT-1,DEBRUM LATERAL-1
L108,3061316,128DEBRUM,128_DEB-LAT-2,DEBRUM LATERAL-2
L109,3060400,129DEBRUM,129_,
L110,3061724,130DEBRUM,130_DEB-LAT-EXT-1,DEBRUM LATERAL EXTERNO-1
L111,3061724,131DEBRUM,131_DEB-LAT-INT-1,DEBRUM LATERAL INTERNO-1
L112,3061724,132DEBRUM,132_DEB-LAT-EXT-2,DEBRUM LATERAL EXTERNO-2
L113,3061724,133DEBRUM,133_DEB-LAT-INT-2,DEBRUM LATERAL INTERNO-2
L114,3060400,134DEBRUM,134_,
L115,3061317,135DEBRUM,135_DEB-TRA-1,DEBRUM TRASEIRO-1
L116,3061317,136DEBRUM,136_DEB-TRA-2,DEBRUM TRASEIRO-2
L117,3060400,137DEBRUM,137_,
L118,3070909,138ENFEITE,138_ENF-1,ENFEITE-1
L119,3070909,139ENFEITE,139_ENF-2,ENFEITE-2
L120,3070909,140ENFEITE,140_ENF-3,ENFEITE-3
L121,3070400,141ENFEITE,141_,
L122,3071318,142ENFEITE,142_ENF-BIQ-1,ENFEITE BIQUEIRA-1
L123,3071318,143ENFEITE,143_ENF-BIQ-2,ENFEITE BIQUEIRA-2
L124,3070400,144ENFEITE,144_,
L125,3071316,145ENFEITE,145_ENF-GAS-1,ENFEITE GASPEA-1
L126,3071316,146ENFEITE,146_ENF-GAS-2,ENFEITE GASPEA-2
L127,3070400,147ENFEITE,147_,
L128,3071318,148ENFEITE,148_ENF-LIN-1,ENFEITE LINGUETA-1
L129,3071318,149ENFEITE,149_ENF-LIN-2,ENFEITE LINGUETA-2
L130,3070400,150ENFEITE,150_,
L131,3071317,151ENFEITE,151_ENF-LAT-1,ENFEITE LATERAL-1
L132,3071317,152ENFEITE,152_ENF-LAT-2,ENFEITE LATERAL-2
L133,3071725,153ENFEITE,153_ENF-LAT-EXT-1,ENFEITE LATERAL EXTERNO-1
L134,3071725,154ENFEITE,154_ENF-LAT-INT-1,ENFEITE LATERAL INTERNO-1
L135,3071725,155ENFEITE,155_ENF-LAT-EXT-2,ENFEITE LATERAL EXTERNO-2
L136,3071725,156ENFEITE,156_ENF-LAT-INT-2,ENFEITE LATERAL INTERNO-2
L137,3070400,157ENFEITE,157_,
L138,3071318,158ENFEITE,158_ENF-TRA-1,ENFEITE TRASEIRO-1
L139,3071318,159ENFEITE,159_ENF-TRA-2,ENFEITE TRASEIRO-2
L140,3070400,160ENFEITE,160_,
L141,3070400,161ENFEITE,161_,
L142,3070400,162ENFEITE,162_,
L143,3070909,163REFORCO,163_COU-1,COURACA-1
L144,3070909,164REFORCO,164_COU-2,COURACA-2
L145,3071318,165REFORCO,165_REF-BIQ-1,REFORCO BIQUEIRA-1
L146,3071318,166REFORCO,166_REF-BIQ-2,REFORCO BIQUEIRA-2
L147,3070400,167REFORCO,167_,
L148,3070400,168REFORCO,168_,
L149,3071316,169REFORCO,169_REF-GAS-1,REFORCO GASPEA-1
L150,3071316,170REFORCO,170_REF-GAS-2,REFORCO GASPEA-2
L151,3071315,171REFORCO,171_REF-GAS-3,REFORO GASPEA-3
L152,3070400,172REFORCO,172_,
L153,3071318,173REFORCO,173_REF-LIN-1,REFORCO LINGUETA-1
L154,3070400,174REFORCO,174_,
L155,3071727,175REFORCO,175_REF-LIN-SUP-1,REFORCO LINGUETA SUPERIOR-1
L156,3070400,176REFORCO,176_,
L157,3071315,177REFORCO,177_REF-VIS-1,REFORCO VISTA-1
L158,3071315,178REFORCO,178_REF-VIS-2,REFORCO VISTA-2
L159,3070400,179REFORCO,179_,
L160,3071723,180REFORCO,180_REF-VIS-EXT-1,REFORCO VISTA EXTERNA-1
L161,3071723,181REFORCO,181_REF-VIS-INT-1,REFORCO VISTA INTERNA-1
L162,3071723,182REFORCO,182_REF-VIS-EXT-2,REFORCO VISTA EXTERNA-2
L163,3071723,183REFORCO,183_REF-VIS-INT-2,REFORCO VISTA INTERNA-2
L164,3071923,184REFORCO,184_REF-VIS-CENTR-1,REFORCO VISTA CENTRAL-1
L165,3071923,185REFORCO,185_REF-VIS-CENTR-2,REFORCO VISTA CENTRAL-2
L166,3070400,186REFORCO,186_,
L167,3071724,187REFORCO,187_REF-VIS-SUP-1,REFORCO VISTA SUPERIOR-1
L168,3071724,188REFORCO,188_REF-VIS-SUP-2,REFORCO VISTA SUPERIOR-2
L169,3070400,189REFORCO,189_,
L170,3071317,190REFORCO,190_REF-LAT-1,REFORCO LATERAL-1
L171,3071317,191REFORCO,191_REF-LAT-2,REFORCO LATERAL-2
L172,3070400,192REFORCO,192_,
L173,3071725,193REFORCO,193_REF-LAT-EXT-1,REFORCO LATERAL-EXTERNO-1
L174,3071725,194REFORCO,194_REF-LAT-INT-1,REFORCO LATERAL-INTERNO-1
L175,3071725,195REFORCO,195_REF-LAT-EXT-2,REFORCO LATERAL-EXTERNO-2
L176,3071725,196REFORCO,196_REF-LAT-INT-2,REFORCO LATERAL-INTERNO-2
L177,3070400,197REFORCO,197_,
L178,3070400,198REFORCO,198_,
L179,3071314,199REFORCO,199_REF-TIR-1,REFORCO TIRA-1
L180,3071314,200REFORCO,200_REF-TIR-2,REFORCO TIRA-2
L181,3071314,201REFORCO,201_REF-TIR-3,REFORCO TIRA-3
L182,3070400,202REFORCO,202_,
L183,3071722,203REFORCO,203_REF-TIR-EXT-1,REFORCO TIRA EXTERNA-1
L184,3071722,204REFORCO,204_REF-TIR-INT-1,REFORCO TIRA INTERNA-1
L185,3071722,205REFORCO,205_REF-TIR-EXT-2,REFORCO TIRA EXTERNA-2
L186,3071722,206REFORCO,206_REF-TIR-INT-2,REFORCO TIRA INTERNA-2
L187,3070400,207REFORCO,207_,
L188,3070400,208REFORCO,208_,
L189,3071213,209REFORCO,209_CONTRA-1,CONTRAFORTE-1
L190,3071318,210REFORCO,210_REF-TRA-1,REFORCO TRASEIRO-1
L191,3071318,211REFORCO,211_REF-TRA-2,REFORCO TRASEIRO-2
L192,3070400,212REFORCO,212_,
L193,3071726,213REFORCO,213_REF-TRA-EXT-1,REFORCO TRASEIRO EXTERNO-1
L194,3071726,214REFORCO,214_REF-TRA-INT-1,REFORCO TRASEIRO INTERNO-1
L195,3071727,215REFORCO,215_REF-TRA-SUP-1,REFORCO TRASEIRO SUPERIOR-1
L196,3071727,216REFORCO,216_REF-TRA-SUP-2,REFORCO TRASEIRO SUPERIOR-2
L197,3070400,217REFORCO,217_,
L198,3071519,218REFORCO,218_REF-COLAR-1,REFORCO COLARINHO-1
L199,3071519,219REFORCO,219_REF-COLAR-2,REFORCO COLARINHO-2
L200,3070400,220REFORCO,220_,
L201,3071317,221REFORCO,221_REF-BOR-1,REFORCO BORDADO-1
L202,3071317,222REFORCO,222_REF-BOR-2,REFORCO BORDADO-2
L203,3070400,223REFORCO,223_,
L204,3071724,224REFORCO,224_REF-BOR-GAS-1,REFORCO BORDADO GASPEA-1
L205,3071724,225REFORCO,225_REF-BOR-GAS-2,REFORCO BORDADO GASPEA-2
L206,3070400,226REFORCO,226_,
L207,3071726,227REFORCO,227_REF-BOR-LIN-1,REFORCO BORDADO LINGUETA-1
L208,3072135,228REFORCO,228_REF-BOR-LIN-SUP-1,REFORCO BORDADO LINGUETA SUPERIOR-1
L209,3070400,229REFORCO,229_,
L210,3071725,230REFORCO,230_REF-BOR-LAT-1,REFORCO BORDADO LATERAL-1
L211,3071725,231REFORCO,231_REF-BOR-LAT-2,REFORCO BORDADO LATERAL-2
L212,3072133,232REFORCO,232_REF-BOR-LAT-EXT-1,REFORCO BORDADO LATERAL EXTERNA-1
L213,3072133,233REFORCO,233_REF-BOR-LAT-INT-1,REFORCO BORDADO LATERAL INTERNA-1
L214,3070400,234REFORCO,234_,
L215,3071726,235REFORCO,235_REF-BOR-TRA-1,REFORCO BORDADO TRASEIRO-1
L216,3071726,236REFORCO,236_REF-BOR-TRA-2,REFORCO BORDADO TRASEIRO-2
L217,3072135,237REFORCO,237_REF-BOR-TRA-SUP-1,REFORCO BORDADO TRASEIRO SUPERIOR-1
L218,3070400,238REFORCO,238_,
L219,3050907,239FORRO,239_FOR-1,FORRO-1
L220,3050907,240FORRO,240_FOR-2,FORRO-2
L221,3050907,241FORRO,241_FOR-3,FORRO-3
L222,3050400,242FORRO,242_,
L223,3051316,243FORRO,243_FOR-BIQ-1,FORRO BIQUEIRA-1
L224,3051316,244FORRO,244_FOR-BIQ-2,FORRO BIQUEIRA-2
L225,3050400,245FORRO,245_,
L226,3051314,246FORRO,246_FOR-GAS-1,FORRO GASPEA-1
L227,3051314,247FORRO,247_FOR-GAS-2,FORRO GASPEA-2
L228,3051314,248FORRO,248_FOR-GAS-3,FORRO GASPEA-3
L229,3050400,249FORRO,249_,
L230,3051316,250FORRO,250_FOR-LIN-1,FORRO LINGUETA-1
L231,3051316,251FORRO,251_FOR-LIN-2,FORRO LINGUETA-2
L232,3050400,252FORRO,252_,
L233,3051725,253FORRO,253_FOR-LIN-SUP-1,FORRO LINGUETA SUPERIOR-1
L234,3051725,254FORRO,254_FOR-LIN-INF-1,FORRO LINGUETA INFERIOR-1
L235,3050400,255FORRO,255_,
L236,3051313,256FORRO,256_FOR-VIS-1,FORRO VISTA-1
L237,3051313,257FORRO,257_FOR-VIS-2,FORRO VISTA-2
L238,3051721,258FORRO,258_FOR-VIS-EXT-1,FORRO VISTA EXTERNA-1
L239,3051721,259FORRO,259_FOR-VIS-INT-1,FORRO VISTA INTERNA-1
L240,3051921,260FORRO,260_FOR-VIS-CENTR-1,FORRO VISTA CENTRAL-1
L241,3051921,261FORRO,261_FOR-VIS-CENTR-2,FORRO VISTA CENTRAL-2
L242,3050400,262FORRO,262_,
L243,3051315,263FORRO,263_FOR-LAT-1,FORRO LATERAL-1
L244,3051315,264FORRO,264_FOR-LAT-2,FORRO LATERAL-2
L245,3051723,265FORRO,265_FOR-LAT-EXT-1,FORRO LATERAL EXTERNO-1
L246,3051723,266FORRO,266_FOR-LAT-INT-1,FORRO LATERAL INTERNO-1
L247,3051723,267FORRO,267_FOR-LAT-EXT-2,FORRO LATERAL EXTERNO-2
L248,3051723,268FORRO,268_FOR-LAT-INT-2,FORRO LATERAL INTERNO-2
L249,3050400,269FORRO,269_,
L250,3051316,270FORRO,270_FOR-TRA-1,FORRO TRASEIRO-1
L251,3051316,271FORRO,271_FOR-TRA-2,FORRO TRASEIRO-2
L252,3050400,272FORRO,272_,
L253,3051725,273FORRO,273_FOR-TRA-SUP-1,FORRO TRASEIRO SUPERIOR-1
L254,3050400,274FORRO,274_,
L255,3050400,275FORRO,275_,
L256,3081010,276ETIQUETA,276_ETIQ-1,ETIQUETA-1
L257,3081010,277ETIQUETA,277_ETIQ-2,ETIQUETA-2
L258,3080400,278ETIQUETA,278_,
L259,3081417,279ETIQUETA,279_ETIQ-GAS-1,ETIQUETA GASPEA-1
L260,3080400,280ETIQUETA,280_,
L261,3081419,281ETIQUETA,281_ETIQ-LIN-1,ETIQUETA LINGUETA-1
L262,3081419,282ETIQUETA,282_ETIQ-LIN-2,ETIQUETA LINGUETA-2
L263,3081828,283ETIQUETA,283_ETIQ-LIN-SUP-1,ETIQUETA LINGUETA SUPERIOR-1
L264,3080400,284ETIQUETA,284_,
L265,3081418,285ETIQUETA,285_ETIQ-LAT-1,ETIQUETA LATERAL-1
L266,3081418,286ETIQUETA,286_ETIQ-LAT-2,ETIQUETA LATERAL-2
L267,3080400,287ETIQUETA,287_,
L268,3081419,288ETIQUETA,288_ETIQ-TRA-1,ETIQUETA TRASEIRO-1
L269,3081419,289ETIQUETA,289_ETIQ-TRA-2,ETIQUETA TRASEIRO-2
L270,3080400,290ETIQUETA,290_,
L271,3080400,291ETIQUETA,291_,
L272,3081010,292PASSADOR,292_PASS-1,PASSADOR-1
L273,3081010,293PASSADOR,293_PASS-2,PASSADOR-2
L274,3081010,294PASSADOR,294_PASS-3,PASSADOR-3
L275,3081010,295PASSADOR,295_PASS-4,PASSADOR-4
L276,3081010,296PASSADOR,296_PASS-5,PASSADOR-5
L277,3081010,297PASSADOR,297_PASS-6,PASSADOR-6
L278,3081010,298PASSADOR,298_PASS-7,PASSADOR-7
L279,3081010,299PASSADOR,299_PASS-8,PASSADOR-8
L280,3080400,300PASSADOR,300_,
L281,3080400,301PASSADOR,301_,
L282,3040906,302FITA,302_FIT-1,FITA-1
L283,3040906,303FITA,303_FIT-2,FITA-2
L284,3040906,304FITA,304_FIT-3,FITA-3
L285,3040400,305FITA,305_,
L286,3041313,306FITA,306_FIT-GAS-1,FITA GASPEA-1
L287,3040400,307FITA,307_,
L288,3041315,308FITA,308_FIT-LIN-1,FITA LINGUETA-1
L289,3040400,309FITA,309_,
L290,3041314,310FITA,310_FIT-LAT-1,FITA LATERAL-1
L291,3041722,311FITA,311_FIT-LAT-EXT-1,FITA LATERAL EXTERNO-1
L292,3041722,312FITA,312_FIT-LAT-INT-1,FITA LATERAL INTERNO-1
L293,3041722,313FITA,313_FIT-LAT-EXT-2,FITA LATERAL EXTERNO-2
L294,3041722,314FITA,314_FIT-LAT-INT-2,FITA LATERAL INTERNO-2
L295,3040400,315FITA,315_,
L296,3041315,316FITA,316_FIT-TRA-1,FITA TRASEIRA-1
L297,3041315,317FITA,317_FIT-TRA-2,FITA TRASEIRA-2
L298,3041723,318FITA,318_FIT-TRA-EXT-1,FITA TRASEIRA EXTERNA-1
L299,3041723,319FITA,319_FIT-TRA-INT-1,FITA TRASEIRA INTERNA-1
L300,3040400,320FITA,320_,
L301,3070909,321PUXADOR,321_PUX-1,PUXADOR-1
L302,3070909,322PUXADOR,322_PUX-2,PUXADOR-2
L303,3070400,323PUXADOR,323_,
L304,3071416,324PUXADOR,324_PUX-GASP-1,PUXADOR GASPEA-1
L305,3071416,325PUXADOR,325_PUX-GASP-2,PUXADOR GASPEA-2
L306,3070400,326PUXADOR,326_,
L307,3071318,327PUXADOR,327_PUX-LIN-1,PUXADOR LINGUETA-1
L308,3071727,328PUXADOR,328_PUX-LIN-SUP-1,PUXADOR LINGUETA SUPERIOR-1
L309,3070400,329PUXADOR,329_,
L310,3071317,330PUXADOR,330_PUX-LAT-1,PUXADOR LATERAL-1
L311,3071725,331PUXADOR,331_PUX-LAT-EXT-1,PUXADOR LATERAL EXTERNO-1
L312,3071725,332PUXADOR,332_PUX-LAT-INT-1,PUXADOR LATERAL INTERNO-1
L313,3070400,333PUXADOR,333_,
L314,3071318,334PUXADOR,334_PUX-TRA-1,PUXADOR TRASEIRO-1
L315,3071318,335PUXADOR,335_PUX-TRA-2,PUXADOR TRASEIRO-2
L316,3070400,336PUXADOR,336_,
L317,3040906,337LOGO,337_LOG-1,LOGO-1
L318,3040906,338LOGO,338_LOG-2,LOGO-2
L319,3040906,339LOGO,339_LOG-3,LOGO-3
L320,3040906,340LOGO,340_LOG-4,LOGO-4
L321,3040400,341LOGO,341_,
L322,3040400,342LOGO,342_,
L323,3041313,343LOGO,343_LOG-GAS-1,LOGO GASPEA-1
L324,3040400,344LOGO,344_,
L325,3041315,345LOGO,345_LOG-LIN-1,LOGO LINGUETA-1
L326,3041315,346LOGO,346_LOG-LIN-2,LOGO LINGUETA-2
L327,3040400,347LOGO,347_,
L328,3041314,348LOGO,348_LOG-LAT-1,LOGO LATERAL-1
L329,3041314,349LOGO,349_LOG-LAT-2,LOGO LATERAL-2
L330,3040400,350LOGO,350_,
L331,3041714,351LOGO,351_LOG-LAT-EXT-1,LOGO EXTERNO-1
L332,3041714,352LOGO,352_LOG-LAT-INT-1,LOGO INTERNO-1
L333,3041714,353LOGO,353_LOG-LAT-EXT-2,LOGO EXTERNO-2
L334,3041714,354LOGO,354_LOG-LAT-INT-2,LOGO INTERNO-2
L335,3040400,355LOGO,355_,
L336,3041315,356LOGO,356_LOG-TRA-1,LOGO TRASEIRO-1
L337,3041315,357LOGO,357_LOG-TRA-2,LOGO TRASEIRO-2
L338,3040400,358LOGO,358_,
L339,3040400,359LOGO,359_,
L340,3090911,360COLARINHO,360_COL-1,COLARINHO-1
L341,3090911,361COLARINHO,361_COL-2,COLARINHO-2
L342,3090911,362COLARINHO,362_COL-3,COLARINHO-3
L343,3090400,363COLARINHO,363_,
L344,3091319,364COLARINHO,364_COL-EXT-1,COLARINHO EXTERNO-1
L345,3091319,365COLARINHO,365_COL-INT-1,COLARINHO INTERNO-1
L346,3091319,366COLARINHO,366_COL-EXT-2,COLARINHO EXTERNO-2
L347,3091319,367COLARINHO,367_COL-INT-2,COLARINHO INTERNO-2
L348,3090400,368COLARINHO,368_,
L349,3091320,369COLARINHO,369_COL-TRA-1,COLARINHO TRASEIRO-1
L350,3091320,370COLARINHO,370_COL-TRA-2,COLARINHO TRASEIRO-2
L351,3090400,371COLARINHO,371_,
L352,3090400,372COLARINHO,372_,
L353,3040906,373TELA,373_TEL-1,TELA-1
L354,3040906,374TELA,374_TEL-2,TELA-2
L355,3040906,375TELA,375_TEL-3,TELA-3
L356,3040400,376TELA,376_,
L357,3041315,377TELA,377_TEL-BIQ-1,TELA BIQUEIRA-1
L358,3041315,378TELA,378_TEL-BIQ-2,TELA BIQUEIRA-2
L359,3040400,379TELA,379_,
L360,3041313,380TELA,380_TEL-GAS-1,TELA GASPEA-1
L361,3041313,381TELA,381_TEL-GAS-2,TELA GASPEA-2
L362,3040400,382TELA,382_,
L363,3041315,383TELA,383_TEL-LIN-1,TELA LINGUETA-1
L364,3041315,384TELA,384_TEL-LIN-2,TELA LINGUETA-2
L365,3041724,385TELA,385_TEL-LIN-SUP-1,TELA LINGUETA SUPERIOR-1
L366,3041724,386TELA,386_TEL-LIN-INF-1,TELA LINGUETA INFERIOR-1
L367,3040400,387TELA,387_,
L368,3041314,388TELA,388_TEL-LAT-1,TELA LATERAL-1
L369,3041314,389TELA,389_TEL-LAT-2,TELA LATERAL-2
L370,3040400,390TELA,390_,
L371,3041722,391TELA,391_TEL-LAT-EXT-1,TELA LATERAL EXTERNA-1
L372,3041722,392TELA,392_TEL-LAT-INT-1,TELA LATERAL INTERNA-1
L373,3041722,393TELA,393_TEL-LAT-EXT-2,TELA LATERAL EXTERNA-2
L374,3041722,394TELA,394_TEL-LAT-INT-2,TELA LATERAL INTERNA-2
L375,3040400,395TELA,395_,
L376,3040400,396TELA,396_,
L377,3041315,397TELA,397_TEL-TRA-1,TELA TRASEIRA-1
L378,3041315,398TELA,398_TEL-TRA-2,TELA TRASEIRA-2
L379,3040400,399TELA,399_,
L380,3040400,400TELA,400_,
L381,3040400,401TELA,401_,
L382,3040400,402TELA,402_,
L383,3060908,403SOMBRA,403_SOM-1,SOMBRA-1
L384,3060908,404SOMBRA,404_SOM-2,SOMBRA-2
L385,3060908,405SOMBRA,405_SOM-3,SOMBRA-3
L386,3060400,406SOMBRA,406_,
L387,3061316,407SOMBRA,407_SOM-BIQ-1,SOMBRA BIQUEIA-1
L388,3061316,408SOMBRA,408_SOM-BIQ-2,SOMBRA BIQUEIA-2
L389,3060400,409SOMBRA,409_,
L390,3061318,410SOMBRA,410_SOM-GAS-1,SOMBRA DA GASPEA-1
L391,3061318,411SOMBRA,411_SOM-GAS-2,SOMBRA DA GASPEA-2
L392,3060400,412SOMBRA,412_,
L393,3061317,413SOMBRA,413_SOM-LIN-1,SOMBRA LINGUETA-1
L394,3061317,414SOMBRA,414_SOM-LIN-2,SOMBRA LINGUETA-2
L395,3061726,415SOMBRA,415_SOM-LIN-SUP-1,SOMBRA LINGUETA SUPERIOR-1
L396,3061726,416SOMBRA,416_SOM-LIN-INF-1,SOMBRA LINGUETA INFERIOR-1
L397,3060400,417SOMBRA,417_,
L398,3061316,418SOMBRA,418_SOM-LAT-1,SOMBRA LATERAL-1
L399,3061316,419SOMBRA,419_SOM-LAT-2,SOMBRA LATERAL-2
L400,3061724,420SOMBRA,420_SOM-LAT-EXT-1,SOMBRA LATERAL EXTERNA-1
L401,3061724,421SOMBRA,421_SOM-LAT-INT-1,SOMBRA LATERAL INTERNA-1
L402,3061724,422SOMBRA,422_SOM-LAT-EXT-2,SOMBRA LATERAL EXTERNA-2
L403,3061724,423SOMBRA,423_SOM-LAT-INT-2,SOMBRA LATERAL INTERNA-2
L404,3060400,424SOMBRA,424_,
L405,3060400,425SOMBRA,425_,
L406,3061318,426SOMBRA,426_SOM-COL-1,SOMBRA COLARINHO-1
L407,3061318,427SOMBRA,427_SOM-COL-2,SOMBRA COLARINHO-2
L408,3060400,428SOMBRA,428_,
L409,3061313,429SOMBRA,429_SOM-LOG-1,SOMBRA LOGO-1
L410,3061313,430SOMBRA,430_SOM-LOG-2,SOMBRA LOGO-2
L411,3060400,431SOMBRA,431_,
L412,3061317,432SOMBRA,432_SOM-TRA-1,SOMBRA TRASEIRO-1
L413,3061317,433SOMBRA,433_SOM-TRA-2,SOMBRA TRASEIRO-2
L414,3060400,434SOMBRA,434_,
L415,3061725,435SOMBRA,435_SOM-TRA-EXT-1,SOMBRA TRASEIRO EXTERNO-1
L416,3061725,436SOMBRA,436_SOM-TRA-INT-1,SOMBRA TRASEIRO INTERNO-1
L417,3060400,437SOMBRA,437_,
L418,3060400,438SOMBRA,438_,
L419,3060400,439SOMBRA,439_,
L420,3070909,440RECORTE,440_REC-1,RECORTE-1
L421,3070909,441RECORTE,441_REC-2,RECORTE-2
L422,3070909,442RECORTE,442_REC-3,RECORTE-3
L423,3070400,443RECORTE,443_,
L424,3071318,444RECORTE,444_REC-BIQ-1,RECORTE BIQUEIRA-1
L425,3071318,445RECORTE,445_REC-BIQ-2,RECORTE BIQUEIRA-2
L426,3070400,446RECORTE,446_,
L427,3071316,447RECORTE,447_REC-GAS-1,RECORTE GASPEA-1
L428,3071316,448RECORTE,448_REC-GAS-2,RECORTE GASPEA-2
L429,3070400,449RECORTE,449_,
L430,3071725,450RECORTE,450_REC-GAS+LIN-1,RECORTE GASPEA+LINGUETA-1
L431,3071725,451RECORTE,451_REC-GAS+LIN-2,RECORTE GASPEA+LINGUETA-2
L432,3070400,452RECORTE,452_,
L433,3071724,453RECORTE,453_REC-GAS+LAT-1,RECORTE GASPEA+LATERAL-1
L434,3071724,454RECORTE,454_REC-GAS+LAT-2,RECORTE GASPEA+LATERAL-2
L435,3070400,455RECORTE,455_,
L436,3070400,456RECORTE,456_,
L437,3071725,457RECORTE,457_REC-GAS+TRA-1,RECORTE GASPEA+TRASEIRO-1
L438,3071725,458RECORTE,458_REC-GAS+TRA-2,RECORTE GASPEA+TRASEIRO-2
L439,3070400,459RECORTE,459_,
L440,3070400,460RECORTE,460_,
L441,3071319,461RECORTE,461_REC-LIN-1,RECORTE LINGUETA -1
L442,3071319,462RECORTE,462_REC-LIN-2,RECORTE LINGUETA -2
L443,3070400,463RECORTE,463_,
L444,3070400,464RECORTE,464_,
L445,3071314,465RECORTE,465_REC-LOG-1,RECORTE LOGO-1
L446,3071314,466RECORTE,466_REC-LOG-2,RECORTE LOGO-2
L447,3070400,467RECORTE,467_,
L448,3071418,468RECORTE,468_REC-ETIQ-1,RECORTE ETIQUETA-1
L449,3071418,469RECORTE,469_REC-ETIQ-2,RECORTE ETIQUETA-2
L450,3070400,470RECORTE,470_,
L451,3071315,471RECORTE,471_REC-VIS-1,RECORTE VISTA-1
L452,3071315,472RECORTE,472_REC-VIS-2,RECORTE VISTA-2
L453,3070400,473RECORTE,473_,
L454,3070400,474RECORTE,474_,
L455,3071317,475RECORTE,475_REC-LAT-1,RECORTE LATERAL-1
L456,3071317,476RECORTE,476_REC-LAT-2,RECORTE LATERAL-2
L457,3071725,477RECORTE,477_REC-LAT-EXT-1,RECORTE LATERAL EXTERNA-1
L458,3071725,478RECORTE,478_REC-LAT-INT-1,RECORTE LATERAL INTERNA-1
L459,3070400,479RECORTE,479_,
L460,3070400,480RECORTE,480_,
L461,3071314,481RECORTE,481_REC-TRA-1,RECORTE TIRA-1
L462,3071314,482RECORTE,482_REC-TRA-2,RECORTE TIRA-2
L463,3070400,483RECORTE,483_,
L464,3070400,484RECORTE,484_,
L465,3041006,485FLAG,485_FLAG-1,FLAG-1
L466,3041006,486FLAG,486_FLAG-2,FLAG-2
L467,3040400,487FLAG,487_,
L468,3041413,488FLAG,488_FLAG-GAS-1,FLAG GASPEA-1
L469,3040400,489FLAG,489_,
L470,3041415,490FLAG,490_FLAG-LIN-1,FLAG LINGUETA-1
L471,3041415,491FLAG,491_FLAG-LIN-2,FLAG LINGUETA-2
L472,3040400,492FLAG,492_,
L473,3041414,493FLAG,493_FLAG-LAT-1,FLAG LATERAL-1
L474,3041414,494FLAG,494_FLAG-LAT-2,FLAG LATERAL-2
L475,3040400,495FLAG,495_,
L476,3041814,496FLAG,496_FLAG-LAT-EXT-1,FLAG EXTERNO-1
L477,3041814,497FLAG,497_FLAG-LAT-INT-1,FLAG INTERNO-1
L478,3041814,498FLAG,498_FLAG-LAT-EXT-2,FLAG EXTERNO-2
L479,3041814,499FLAG,499_FLAG-LAT-INT-2,FLAG INTERNO-2
L480,3040400,500FLAG,500_,
L481,3041415,501FLAG,501_FLAG-TRA-1,FLAG TRASEIRO-1
L482,3041415,502FLAG,502_FLAG-TRA-2,FLAG TRASEIRO-2
L483,3040400,503FLAG,503_,
L484,3040400,504FLAG,504_,
L485,3101012,505ENCHIMENTO,505_ENCH-1,ENCHIMENTO-1
L486,3101012,506ENCHIMENTO,506_ENCH-2,ENCHIMENTO-2
L487,3100400,507ENCHIMENTO,507_,
L488,3101421,508ENCHIMENTO,508_ENCH-BIQ-1,ENCHIMENTO BIQUEIRA-1
L489,3101421,509ENCHIMENTO,509_ENCH-BIQ-2,ENCHIMENTO BIQUEIRA-2
L490,3100400,510ENCHIMENTO,510_,
L491,3101419,511ENCHIMENTO,511_ENCH-GAS-1,ENCHIMENTO GASPEA-1
L492,3101419,512ENCHIMENTO,512_ENCH-GAS-2,ENCHIMENTO GASPEA-2
L493,3100400,513ENCHIMENTO,513_,
L494,3101421,514ENCHIMENTO,514_ENCH-LIN-1,ENCHIMENTO LINGUETA-1
L495,3101421,515ENCHIMENTO,515_ENCH-LIN-2,ENCHIMENTO LINGUETA-2
L496,3101826,516ENCHIMENTO,516_ENCH-LIN-SUP-1,ENCHIMENTO LING-SUPERIOR-1
L497,3101826,517ENCHIMENTO,517_ENCH-LIN-INF-1,ENCHIMENTO LING-INFERIOR-1
L498,3100400,518ENCHIMENTO,518_,
L499,3101418,519ENCHIMENTO,519_ENCH-VIS-1,ENCHIMENTO VISTA-1
L500,3101418,520ENCHIMENTO,520_ENCH-VIS-2,ENCHIMENTO VISTA-2
L501,3101826,521ENCHIMENTO,521_ENCH-VIS-EXT-1,ENCHIMENTO VISTA EXTERNA-1
L502,3101826,522ENCHIMENTO,522_ENCH-VIS-INT-1,ENCHIMENTO VISTA INTERNA-1
L503,3101926,523ENCHIMENTO,523_ENCH-VIS-CENT-1,ENCHIMENTO VISTA CENTRAL-1
L504,3100400,524ENCHIMENTO,524_,
L505,3101517,525ENCHIMENTO,525_ENCH-LOGO-1,ENCHIMENTO LOGO-1
L506,3101517,526ENCHIMENTO,526_ENCH-LOGO-2,ENCHIMENTO LOGO-2
L507,3100400,527ENCHIMENTO,527_,
L508,3101517,528ENCHIMENTO,528_ENCH-FLAG-1,ENCHIMENTO FLAG-1
L509,3101517,529ENCHIMENTO,529_ENCH-FLAG-2,ENCHIMENTO FLAG-2
L510,3100400,530ENCHIMENTO,530_,
L511,3100400,531ENCHIMENTO,531_,
L512,3101420,532ENCHIMENTO,532_ENCH-LAT-1,ENCHIMENTO LATERAL-1
L513,3101420,533ENCHIMENTO,533_ENCH-LAT-2,ENCHIMENTO LATERAL-2
L514,3101828,534ENCHIMENTO,534_ENCH-LAT-EXT-1,ENCHIMENTO LATERAL EXTERNO-1
L515,3101828,535ENCHIMENTO,535_ENCH-LAT-INT-1,ENCHIMENTO LATERAL INTERNO-1
L516,3101828,536ENCHIMENTO,536_ENCH-LAT-EXT-2,ENCHIMENTO LATERAL EXTERNO-2
L517,3101828,537ENCHIMENTO,537_ENCH-LAT-INT-2,ENCHIMENTO LATERAL INTERNO-2
L518,3100400,538ENCHIMENTO,538_,
L519,3100400,539ENCHIMENTO,539_,
L520,3101421,540ENCHIMENTO,540_ENCH-TRA-1,ENCHIMENTO TRASEIRO-1
L521,3101421,541ENCHIMENTO,541_ENCH-TRA-2,ENCHIMENTO TRASEIRO-2
L522,3100400,542ENCHIMENTO,542_,
L523,3101520,543ENCHIMENTO,543_ENHC-BORD-1,ENCHIMENTO BORDADO-1
L524,3101520,544ENCHIMENTO,544_ENHC-BORD-2,ENCHIMENTO BORDADO-2
L525,3101520,545ENCHIMENTO,545_ENHC-BORD-3,ENCHIMENTO BORDADO-3
L526,3101520,546ENCHIMENTO,546_ENHC-BORD-4,ENCHIMENTO BORDADO-4
L527,3100400,547ENCHIMENTO,547_,
L528,3100400,548ENCHIMENTO,548_,
L529,3100400,549ENCHIMENTO,549_,
L530,3050907,560FILME,560_FIL-1,FILME-1
L531,3050907,561FILME,561_FIL-2,FILME-2
L532,3050907,562FILME,562_FIL-3,FILME-3
L533,3050400,563FILME,563_,
L534,3051316,564FILME,564_FIL-BIQ-1,FILME BIQUEIRA-1
L535,3051316,565FILME,565_FIL-BIQ-2,FILME BIQUEIRA-2
L536,3050400,566FILME,566_,
L537,3051314,567FILME,567_FIL-GAS-1,FILME GASPEA-1
L538,3051314,568FILME,568_FIL-GAS-2,FILME GASPEA-2
L539,3050400,569FILME,569_,
L540,3050400,570FILME,570_,
L541,3051316,571FILME,571_FIL-LIN-1,FILME LINGUETA-1
L542,3051316,572FILME,572_FIL-LIN-2,FILME LINGUETA-2
L543,3051725,573FILME,573_FIL-LIN-SUP-1,FILME LINGUETA SUPERIOR-1
L544,3051725,574FILME,574_FIL-LIN-INF-1,FILME LINGUETA INFERIOR-1
L545,3050400,575FILME,575_,
L546,3051313,576FILME,576_FIL-VIS-1,FILME VISTA-1
L547,3051313,577FILME,577_FIL-VIS-2,FILME VISTA-2
L548,3051721,578FILME,578_FIL-VIS-EXT-1,FILME VISTA EXTERNA-1
L549,3051721,579FILME,579_FIL-VIS-INT-1,FILME VISTA INTERNA-1
L550,3051821,580FILME,580_FIL-VIS-CENT-1,FILME VISTA CENTRAL-1
L551,3051821,581FILME,581_FIL-VIS-CENT-2,FILME VISTA CENTRAL-2
L552,3050400,582FILME,582_,
L553,3051312,583FILME,583_FIL-LOG-1,FILME LOGO-1
L554,3051312,584FILME,584_FIL-LOG-2,FILME LOGO-2
L555,3051720,585FILME,585_FIL-LOG-EXT-1,FILME LOGO EXTERNO-1
L556,3051720,586FILME,586_FIL-LOG-INT-1,FILME LOGO INTERNO-1
L557,3051720,587FILME,587_FIL-LOG-EXT-2,FILME LOGO EXTERNO-2
L558,3051720,588FILME,588_FIL-LOG-INT-2,FILME LOGO INTERNO-2
L559,3050400,589FILME,589_,
L560,3051412,590FILME,590_FIL-FLAG-1,FILME FLAG-1
L561,3051412,591FILME,591_FIL-FLAG-2,FILME FLAG-2
L562,3050400,592FILME,592_,
L563,3051315,593FILME,593_FIL-LAT-1,FILME LATERAL-1
L564,3051315,594FILME,594_FIL-LAT-2,FILME LATERAL-2
L565,3051723,595FILME,595_FIL-LAT-EXT-1,FILME LATERAL EXTERNO-1
L566,3051723,596FILME,596_FIL-LAT-INT-1,FILME LATERAL INTERNO-1
L567,3051723,597FILME,597_FIL-LAT-EXT-2,FILME LATERAL EXTERNO-2
L568,3051723,598FILME,598_FIL-LAT-INT-2,FILME LATERAL INTERNO-2
L569,3050400,599FILME,599_,
L570,3051316,600FILME,600_FIL-TRA-1,FILME TRASEIRO-1
L571,3051316,601FILME,601_FIL-TRA-2,FILME TRASEIRO-2
L572,3050400,602FILME,602_,
L573,3050400,603FILME,603_,
L574,3050400,604FILME,604_,
L575,3071009,605APLIQUE,605_APLI-1,APLIQUE-1
L576,3071009,606APLIQUE,606_APLI-2,APLIQUE-2
L577,3071009,607APLIQUE,607_APLI-3,APLIQUE-3
L578,3070400,608APLIQUE,608_,
L579,3071418,609APLIQUE,609_APLI-BIQ-1,APLIQUE BIQUEIRA-1
L580,3071418,610APLIQUE,610_APLI-BIQ-2,APLIQUE BIQUEIRA-2
L581,3070400,611APLIQUE,611_,
L582,3071416,612APLIQUE,612_APLI-GAS-1,APLIQUE GASPEA-1
L583,3071416,613APLIQUE,613_APLI-GAS-2,APLIQUE GASPEA-2
L584,3070400,614APLIQUE,614_,
L585,3070400,615APLIQUE,615_,
L586,3071825,616APLIQUE,616_APLI-GAS+LIN-1,APLIQUE GASPEA+LINGUETA-1
L587,3071825,617APLIQUE,617_APLI-GAS+LIN-2,APLIQUE GASPEA+LINGUETA-2
L588,3070400,618APLIQUE,618_,
L589,3071825,619APLIQUE,619_APLI-GAS+TRA-1,APLIQUE GASPEA+TRASEIRO-1
L590,3071825,620APLIQUE,620_APLI-GAS+TRA-2,APLIQUE GASPEA+TRASEIRO-2
L591,3070400,621APLIQUE,621_,
L592,3071418,622APLIQUE,622_APLI-LIN-1,APLIQUE LINGUETA-1
L593,3071418,623APLIQUE,623_APLI-LIN-2,APLIQUE LINGUETA-2
L594,3070400,624APLIQUE,624_,
L595,3071827,625APLIQUE,625_APLI-LIN-SUP-1,APLIQUE LINGUETA SUPERIOR-1
L596,3071827,626APLIQUE,626_APLI-LIN-INF-1,APLIQUE LINGUETA INFERIOR-1
L597,3070400,627APLIQUE,627_,
L598,3071827,628APLIQUE,628_APLI-LIN+TRA-1,APLIQUE LINGUETA+TRASEIRO-1
L599,3071827,629APLIQUE,629_APLI-LIN+TRA-2,APLIQUE LINGUETA+TRASEIRO-2
L600,3070400,630APLIQUE,630_,
L601,3071415,631APLIQUE,631_APLI-VIS-1,APLIQUE VISTA-1
L602,3071415,632APLIQUE,632_APLI-VIS-2,APLIQUE VISTA-2
L603,3071823,633APLIQUE,633_APLI-VIS-EXT-1,APLIQUE VISTA EXTERNA-1
L604,3071823,634APLIQUE,634_APLI-VIS-INT-1,APLIQUE VISTA INTERNA-1
L605,3071823,635APLIQUE,635_APLI-VIS-EXT-2,APLIQUE VISTA EXTERNA-2
L606,3071823,636APLIQUE,636_APLI-VIS-INT-2,APLIQUE VISTA INTERNA-2
L607,3071923,637APLIQUE,637_APLI-VIS-CENT-1,APLIQUE VISTA CENTRAL-1
L608,3070400,638APLIQUE,638_,
L609,3070400,639APLIQUE,639_,
L610,3071417,640APLIQUE,640_APLI-LAT-1,APLIQUE LATERAL-1
L611,3071417,641APLIQUE,641_APLI-LAT-2,APLIQUE LATERAL-2
L612,3071417,642APLIQUE,642_APLI-LAT-3,APLIQUE LATERAL-3
L613,3071817,643APLIQUE,643_APLI-LAT-EXT-1,APLIQUE EXTERNO-1
L614,3071817,644APLIQUE,644_APLI-LAT-INT-1,APLIQUE INTERNO-1
L615,3071817,645APLIQUE,645_APLI-LAT-EXT-2,APLIQUE EXTERNO-2
L616,3071817,646APLIQUE,646_APLI-LAT-INT-2,APLIQUE INTERNO-2
L617,3070400,647APLIQUE,647_,
L618,3070400,648APLIQUE,648_,
L619,3071414,649APLIQUE,649_APLI-LOG-1,APLIQUE LOGO-1
L620,3071414,650APLIQUE,650_APLI-LOG-2,APLIQUE LOGO-2
L621,3071414,651APLIQUE,651_APLI-LOG-3,APLIQUE LOGO-3
L622,3070400,652APLIQUE,652_,
L623,3071514,653APLIQUE,653_APLI-FLAG-1,APLIQUE FLAG-1
L624,3071514,654APLIQUE,654_APLI-FLAG-2,APLIQUE FLAG-2
L625,3070400,655APLIQUE,655_,
L626,3071419,656APLIQUE,656_APLI-COL-1,APLIQUE COLARINHO-1
L627,3071419,657APLIQUE,657_APLI-COL-2,APLIQUE COLARINHO-2
L628,3070400,658APLIQUE,658_,
L629,3071518,659APLIQUE,659_APLI-PASS-1,APLIQUE PASSADOR-1
L630,3071518,660APLIQUE,660_APLI-PASS-2,APLIQUE PASSADOR-2
L631,3070400,661APLIQUE,661_,
L632,3070400,662APLIQUE,662_,
L633,3071418,663APLIQUE,663_APLI-TRA-1,APLIQUE TRASEIRO-1
L634,3071418,664APLIQUE,664_APLI-TRA-2,APLIQUE TRASEIRO-2
L635,3071827,665APLIQUE,665_APLI-TRA-SUP-1,APLIQUE TRASEIRO SUPERIOR-1
L636,3070400,666APLIQUE,666_,
L637,3070400,667APLIQUE,667_,
L638,3070400,668APLIQUE,668_,
L639,3070400,669APLIQUE,669_,
L640,3060908,670ESPUMA,670_ESP-1,ESPUMA-1
L641,3060908,671ESPUMA,671_ESP-2,ESPUMA-2
L642,3060400,672ESPUMA,672_,
L643,3061315,673ESPUMA,673_ESP-GAS-1,ESPUMA GASPEA-1
L644,3061315,674ESPUMA,674_ESP-GAS-2,ESPUMA GASPEA-2
L645,3060400,675ESPUMA,675_,
L646,3061317,676ESPUMA,676_ESP-LIN-1,ESPUMA LINGUETA-1
L647,3061317,677ESPUMA,677_ESP-LIN-2,ESPUMA LINGUETA-2
L648,3061726,678ESPUMA,678_ESP-LIN-SUP-1,ESPUMA LINGUETA SUPERIOR-1
L649,3060400,679ESPUMA,679_,
L650,3061316,680ESPUMA,680_ESP-LAT-1,ESPUMA LATERAL-1
L651,3061316,681ESPUMA,681_ESP-LAT-2,ESPUMA LATERAL-2
L652,3061724,682ESPUMA,682_ESP-LAT-EXT-1,ESPUMA LATERAL EXTERNA-1
L653,3061724,683ESPUMA,683_ESP-LAT-INT-1,ESPUMA LATERAL INTERNA-1
L654,3061724,684ESPUMA,684_ESP-LAT-EXT-2,ESPUMA LATERAL EXTERNA-2
L655,3061724,685ESPUMA,685_ESP-LAT-INT-2,ESPUMA LATERAL INTERNA-2
L656,3060400,686ESPUMA,686_,
L657,3060400,687ESPUMA,687_,
L658,3061317,688ESPUMA,688_ESP-TRA-1,ESPUMA TRASEIRA-1
L659,3061317,689ESPUMA,689_ESP-TRA-2,ESPUMA TRASEIRA-2
L660,3061726,690ESPUMA,690_ESP-TRA-SUP-1,ESPUMA TRASEIRA SUPERIOR-1
L661,3060400,691ESPUMA,691_,
L662,3060908,692VELCRO,692_VEL-1,VELCRO-1
L663,3060908,693VELCRO,693_VEL-2,VELCRO-2
L664,3060400,694VELCRO,694_,
L665,3061314,695VELCRO,695_VEL-MAC-1,VELCRO MACHO-1
L666,3061314,696VELCRO,696_VEL-FEM-1,VELCRO FEMEA-1
L667,3061314,697VELCRO,697_VEL-MAC-2,VELCRO MACHO-2
L668,3061314,698VELCRO,698_VEL-FEM-2,VELCRO FEMEA-2
L669,3061314,699VELCRO,699_VEL-MAC-3,VELCRO MACHO-3
L670,3061314,700VELCRO,700_VEL-FEM-3,VELCRO FEMEA-3
L671,3061314,701VELCRO,701_VEL-MAC-4,VELCRO MACHO-4
L672,3061314,702VELCRO,702_VEL-FEM-4,VELCRO FEMEA-4
L673,3060400,703VELCRO,703_,
L674,3060400,704VELCRO,704_,
L675,3091010,705ELAヾTICO,705_ELAS-1,ELASTICO-1
L676,3091010,706ELAヾTICO,706_ELAS-2,ELASTICO-2
L677,3090400,707ELAヾTICO,707_,
L678,3091419,708ELAヾTICO,708_ELAS-LIN-1,ELASTICO LINGUETA-1
L679,3091419,709ELAヾTICO,709_ELAS-LIN-2,ELASTICO LINGUETA-2
L680,3090400,710ELAヾTICO,710_,
L681,3091518,711ELAヾTICO,711_ELAS- LAT-1,ELASTICO LATERAL-1
L682,3091926,712ELAヾTICO,712_ELAS- LAT-EXT-1,ELASTICO LATERAL EXTERNO-1
L683,3091926,713ELAヾTICO,713_ELAS- LAT-INT-1,ELASTICO LATERAL INTERNO-1
L684,3091926,714ELAヾTICO,714_ELAS- LAT-EXT-2,ELASTICO LATERAL EXTERNO-2
L685,3091926,715ELAヾTICO,715_ELAS- LAT-INT-2,ELASTICO LATERAL INTERNO-2
L686,3090400,716ELAヾTICO,716_,
L687,3091519,717ELAヾTICO,717_ELAS- TRA-1,ELASTICO TRASEIRO-1
L688,3091519,718ELAヾTICO,718_ELAS- TRA-2,ELASTICO TRASEIRO-2
L689,3090400,719ELAヾTICO,719_,
L690,3050907,720PLACA,720_PLA-1,PLACA-1
L691,3050907,721PLACA,721_PLA-2,PLACA-2
L692,3050907,722PLACA,722_PLA-3,PLACA-3
L693,3050907,723PLACA,723_PLA-4,PLACA-4
L694,3050400,724PLACA,724_,
L695,3050400,725PLACA,725_,
L696,3051316,726PLACA,726_PLA-BIQ-1,PLACA BIQUEIRA-1
L697,3051316,727PLACA,727_PLA-BIQ-2,PLACA BIQUEIRA-2
L698,3050400,728PLACA,728_,
L699,3051316,729PLACA,729_PLA-LIN-1,PLACA LINGUETA-1
L700,3051316,730PLACA,730_PLA-LIN-2,PLACA LINGUETA-2
L701,3051725,731PLACA,731_PLA-LIN-SUP-1,PLACA LINGUETA SUPERIOR-1
L702,3051725,732PLACA,732_PLA-LIN-INF-1,PLACA LINGUETA INFERIOR-1
L703,3050400,733PLACA,733_,
L704,3051313,734PLACA,734_PLA-VIS-1,PLACA VISTA-1
L705,3051313,735PLACA,735_PLA-VIS-2,PLACA VISTA-2
L706,3051721,736PLACA,736_PLA-VIS-EXT-1,PLACA VISTA EXTERNA-1
L707,3051721,737PLACA,737_PLA-VIS-INT-1,PLACA VISTA INTERNA-1
L708,3051821,738PLACA,738_PLA-VIS-CENT-1,PLACA VISTA CENTRAL-1
L709,3050400,739PLACA,739_,
L710,3051315,740PLACA,740_PLA-LAT-1,PLACA LATERAL-1
L711,3051315,741PLACA,741_PLA-LAT-2,PLACA LATERAL-2
L712,3051315,742PLACA,742_PLA-LAT-3,PLACA LATERAL-3
L713,3051724,743PLACA,743_PLA-LAT-EXT-1,PLACA LATERAL EXTERNA -1
L714,3051723,744PLACA,744_PLA-LAT-INT-1,PLACA LATERAL INTERNA-1
L715,3051723,745PLACA,745_PLA-LAT-EXT-2,PLACA LATERAL EXTERNA-2
L716,3051723,746PLACA,746_PLA-LAT-INT-2,PLACA LATERAL INTERNA-2
L717,3051723,747PLACA,747_PLA-LAT-EXT-3,PLACA LATERAL EXTERNA-3
L718,3051312,748PLACA,748_PLA-TIR-1,PLACA TIRA-1
L719,3051312,749PLACA,749_PLA-TIR-2,PLACA TIRA-2
L720,3051312,750PLACA,750_PLA-TIR-3,PLACA TIRA-3
L721,3051312,751PLACA,751_PLA-TIR-4,PLACA TIRA-4
L722,3051723,752PLACA,752_PLA-LAT-INT-3,PLACA LATERAL INTERNA-3
L723,3051313,753PLACA,753_PLA-FOR-1,PLACA FORRO-1
L724,3051722,754PLACA,754_PLA-FOR-LIN-1,PLACA FORRO LINGUETA-1
L725,3051723,755PLACA,755_PLA-LAT-EXT-4,PLACA LATERAL EXTERNA-4
L726,3051416,756PLACA,756_PLA-PASS-1,PLACA PASSADOR-1
L727,3051416,757PLACA,757_PLA-PASS-2,PLACA PASSADOR-2
L728,3051416,758PLACA,758_PLA-PASS-3,PLACA PASSADOR-3
L729,3051416,759PLACA,759_PLA-PASS-4,PLACA PASSADOR-4
L730,3051723,760PLACA,760_PLA-LAT-INT-4,PLACA LATERAL INTERNA-4
L731,3051723,761PLACA,761_PLA-LAT-EXT-5,PLACA LATERAL EXTERNA-5
L732,3051312,762PLACA,762_PLA-LOG-1,PLACA LOGO-1
L733,3051312,763PLACA,763_PLA-LOG-2,PLACA LOGO-2
L734,3050400,764PLACA,764_,
L735,3051312,765PLACA,765_PLA-FLG-1,PLACA FLAG-1
L736,3051312,766PLACA,766_PLA-FLG-2,PLACA FLAG-2
L737,3051723,767PLACA,767_PLA-LAT-INT-5,PLACA LATERAL INTERNA-5
L738,3051314,768PLACA,768_PLA-SOM-1,PLACA SOMBRA-1
L739,3051314,769PLACA,769_PLA-SOM-2,PLACA SOMBRA-2
L740,3051718,770PLACA,770_PLA-SOM-EXT-1,PLACA SOMBRA EXT-1
L741,3051718,771PLACA,771_PLA-SOM-INT-1,PLACA SOMBRA INT-1
L742,3050400,772PLACA,772_,
L743,3051314,773PLACA,773_PLA-DEB-1,PLACA DEBRUM-1
L744,3051314,774PLACA,774_PLA-DEB-2,PLACA DEBRUM-2
L745,3051314,775PLACA,775_PLA-DEB-3,PLACA DEBRUM-3
L746,3050400,776PLACA,776_,
L747,3051722,777PLACA,777_PLA-DEB-LAT-1,PLACA DEBRUM LATERAL-1
L748,3052130,778PLACA,778_PLA-DEB-LAT-EXT-1,PLACA DEBRUM LATERAL EXTERNA-1
L749,3052130,779PLACA,779_PLA-DEB-LAT-INT-1,PLACA DEBRUM LATERAL INTERNA-1
L750,3050400,780PLACA,780_,
L751,3050400,781PLACA,781_,
L752,3051314,782PLACA,782_PLA-VEL-1,PLACA VELCRO-1
L753,3051314,783PLACA,783_PLA-VEL-2,PLACA VELCRO-2
L754,3051820,784PLACA,784_PLA-VEL-MACH-1,PLACA VELCRO MACHO-1
L755,3051820,785PLACA,785_PLA-VEL-FEME-1,PLACA VELCRO FEMEA-1
L756,3051820,786PLACA,786_PLA-VEL-MACH-2,PLACA VELCRO MACHO-2
L757,3051820,787PLACA,787_PLA-VEL-FEME-2,PLACA VELCRO FEMEA-2
L758,3050400,788PLACA,788_,
L759,3051316,789PLACA,789_PLA-TRA-1,PLACA TRASEIRO-1
L760,3051316,790PLACA,790_PLA-TRA-2,PLACA TRASEIRO-2
L761,3051725,791PLACA,791_PLA-TRA-SUP-1,PLACA TRASEIRO SUPERIOR-1
L762,3051725,792PLACA,792_PLA-TRA-SUP-2,PLACA TRASEIRO SUPERIOR-2
L763,3050400,793PLACA,793_,
L764,3050400,794PLACA,794_,
L765,3051415,795PLACA,795_PLA-APLI-1,PLACA APLIQUE-1
L766,3051415,796PLACA,796_PLA-APLI-2,PLACA APLIQUE-2
L767,3051415,797PLACA,797_PLA-APLI-3,PLACA APLIQUE-3
L768,3050400,798PLACA,798_,
L769,3051824,799PLACA,799_PLA-APLI-BIQ-1,PLACA APLIQUE-BIQUEIRA-1
L770,3050400,800PLACA,800_,
L771,3051822,801PLACA,801_PLA-APLI-GAS-1,PLACA APLIQUE-GASPEA-1
L772,3051822,802PLACA,802_PLA-APLI-GAS-2,PLACA APLIQUE-GASPEA-2
L773,3050400,803PLACA,803_,
L774,3051924,804PLACA,804_PLA-APLI-LING-1,PLACA APLIQUE-LINGUETA-1
L775,3051924,805PLACA,805_PLA-APLI-LING-2,PLACA APLIQUE-LINGUETA-2
L776,3050400,806PLACA,806_,
L777,3051921,807PLACA,807_PLA-APLI-VIST-1,PLACA APLIQUE-VISTA-1
L778,3051921,808PLACA,808_PLA-APLI-VIST-2,PLACA APLIQUE-VISTA-2
L779,3050400,809PLACA,809_,
L780,3050400,810PLACA,810_,
L781,3051820,811PLACA,811_PLA-APLI-LOG-1,PLACA APLIQUE-LOGO-1
L782,3051820,812PLACA,812_PLA-APLI-LOG-2,PLACA APLIQUE-LOGO-2
L783,3050400,813PLACA,813_,
L784,3051824,814PLACA,814_PLA-APLI-TRA-1,PLACA APLIQUE-TRASEIRO-1
L785,3051824,815PLACA,815_PLA-APLI-TRA-2,PLACA APLIQUE-TRASEIRO-2
L786,3050400,816PLACA,816_,
L787,3050400,817PLACA,817_,
L788,3050400,818PLACA,818_,
L789,3050400,819PLACA,819_,
L790,3050400,820PLACA,820_,
L791,3050400,821PLACA,821_,
L792,3050400,822PLACA,822_,
L793,3050400,823PLACA,823_,
L794,3050400,824PLACA,824_,
L795,3050400,825PLACA,825_,
L796,3071009,826ARMACAO,826_ARMC-1,ARMACAO-1
L797,3071009,827ARMACAO,827_ARMC-2,ARMACAO-2
L798,3071009,828ARMACAO,828_ARMC-3,ARMACAO-3
L799,3071009,829ARMACAO,829_ARMC-4,ARMACAO-4
L800,3070400,830ARMACAO,830_,
L801,3070400,831ARMACAO,831_,
L802,3071009,832ARMALON,832_ARML-1,ARMALON-1
L803,3071009,833ARMALON,833_ARML-2,ARMALON-2
L804,3071009,834ARMALON,834_ARML-3,ARMALON-3
L805,3071009,835ARMALON,835_ARML-4,ARMALON-4
L806,3070400,836ARMALON,836_,
L807,3070400,837ARMALON,837_,
L808,3061008,838CORDAO,838_CORD-1,CORDAO-1
L809,3061008,839CORDAO,839_CORD-2,CORDAO-2
L810,3061008,840CORDAO,840_CORD-3,CORDAO-3
L811,3060400,841CORDAO,841_,
L812,3060400,842CORDAO,842_,
L813,3060908,843ZIPPER,843_ZIP-1,ZIPPER-1
L814,3060908,844ZIPPER,844_ZIP-2,ZIPPER-2
L815,3060908,845ZIPPER,845_ZIP-3,ZIPPER-3
L816,3060400,846ZIPPER,846_,
L817,3060400,847ZIPPER,847_,
L818,3061417,848ZIPPER,848_PROT-ZIP-1,PROTETOR ZIPPER-1
L819,3061417,849ZIPPER,849_PROT-ZIP-2,PROTETOR ZIPPER-2
L820,3061417,850ZIPPER,850_PROT-ZIP-3,PROTETOR ZIPPER-3
L821,3060400,851ZIPPER,851_,
L822,3060400,852ZIPPER,852_,
L823,3060400,853ZIPPER,853_,
L824,3051717,854PAPEL,854_PAP-ME-TACK-1,PAPEL MEGA TACK-1
L825,3051717,855PAPEL,855_PAP-ME-TACK-2,PAPEL MEGA TACK-2
L826,3051717,856PAPEL,856_PAP-ME-TACK-3,PAPEL MEGA TACK-3
L827,3050400,857PAPEL,857_,
L828,3050400,858PAPEL,858_,
L829,3051418,859PAPEL,859_PAP-SILI-1,PAPEL SILICONADO-1
L830,3051418,860PAPEL,860_PAP-SILI-2,PAPEL SILICONADO-2
L831,3051418,861PAPEL,861_PAP-SILI-3,PAPEL SILICONADO-3
L832,3050400,862PAPEL,862_,
L833,3050400,863PAPEL,863_,
L834,3050400,864PAPEL,864_,
L835,3041412,865SOLA,865_PLA-SOLA-1,PLACA SOLA-1
L836,3040400,866SOLA,866_,
L837,3040400,867SOLA,867_,
L838,3041006,868SOLA,868_SOLA-1,SOLA-1
L839,3041006,869SOLA,869_SOLA-2,SOLA-2
L840,3040400,870SOLA,870_,
L841,3040400,871SOLA,871_,
L842,3042020,872SOLA,872_PLA-APLIQ-SOLA-1,PLACA APLIQUE SOLA-1
L843,3042020,873SOLA,873_PLA-APLIQ-SOLA-2,PLACA APLIQUE SOLA-2
L844,3040400,874SOLA,874_,
L845,3040400,875SOLA,875_,
L846,3041517,876SOLA,876_ENCH-SOLA-1,ENCHIMENTO SOLA-1
L847,3041517,877SOLA,877_ENCH-SOLA-2,ENCHIMENTO SOLA-2
L848,3040400,878SOLA,878_,
L849,3040400,879SOLA,879_,
L850,3040906,880SOLA,880_VIR-1,VIRA-1
L851,3040906,881SOLA,881_VIR-2,VIRA-2
L852,3040400,882SOLA,882_,
L853,3040400,883SOLA,883_,
L854,3041320,884SOLA,884_SOB-BIQ-1,SOBREVIRA BIQUEIRA-1
L855,3040400,885SOLA,885_,
L856,3040400,886SOLA,886_,
L857,3041320,887SOLA,887_SOB-TRA-1,SOBREVIRA TRASEIRO-1
L858,3040400,888SOLA,888_,
L859,3040400,889SOLA,889_,
L860,3041515,890SOLA,890_ETIQ-SOLA-1,ETIQUETA SOLA-1
L861,3040400,891SOLA,891_,
L862,3040400,892SOLA,892_,
L863,3040400,893SOLA,893_,
L864,3040400,894SOLA,894_,
L865,3040400,895SOLA,895_,
L866,3040400,896SOLA,896_,
L867,3040400,897SOLA,897_,
L868,3040400,898SOLA,898_,
L869,3040400,899SOLA,899_,
L870,3081316,900PALMILHA,900_PLA-PAL-1,PLACA PALMILHA-1
L871,3080400,901PALMILHA,901_,
L872,3080400,902PALMILHA,902_,
L873,3080400,903PALMILHA,903_,
L874,3081419,904PALMILHA,904_PAL-OVER-1,PALMILHA OVERLOCK-1
L875,3081419,905PALMILHA,905_PAL-OVER-2,PALMILHA OVERLOCK-2
L876,3080400,906PALMILHA,906_,
L877,3080400,907PALMILHA,907_,
L878,3081318,908PALMILHA,908_PAL-INT-1,PALMILHA INTERNA-1
L879,3081318,909PALMILHA,909_PAL-INT-2,PALMILHA INTERNA-2
L880,3080400,910PALMILHA,910_,
L881,3080400,911PALMILHA,911_,
L882,3081318,912PALMILHA,912_REF-PAL-1,REFORCO PALMILHA-1
L883,3081318,913PALMILHA,913_REF-PAL-2,REFORCO PALMILHA-2
L884,3080400,914PALMILHA,914_,
L885,3080400,915PALMILHA,915_,
L886,3081419,916PALMILHA,916_PAL-MONT-1,PALMILHA MONTAGEM-1
L887,3081419,917PALMILHA,917_PAL-MONT-2,PALMILHA MONTAGEM-2
L888,3080400,918PALMILHA,918_,
L889,3080400,919PALMILHA,919_,
L890,3080400,920PALMILHA,920_,
L891,3080400,921PALMILHA,921_,
L892,3080400,922PALMILHA,922_,
L893,3080400,923PALMILHA,923_,
L894,3080400,924PALMILHA,924_,
L895,3080400,925PALMILHA,925_,
L896,3050400,926LIVRE,926_,
L897,3050400,927LIVRE,927_,
L898,3050400,928LIVRE,928_,
L899,3050400,929LIVRE,929_,
L900,3050400,930LIVRE,930_,
L901,3050400,931LIVRE,931_,
L902,3050400,932LIVRE,932_,
L903,3050400,933LIVRE,933_,
L904,3050400,934LIVRE,934_,
L905,3050400,935LIVRE,935_,
L906,3050400,936LIVRE,936_,
L907,3050400,937LIVRE,937_,
L908,3050400,938LIVRE,938_,
L909,3050400,939LIVRE,939_,
L910,3050400,940LIVRE,940_,
L911,3050400,941LIVRE,941_,
L912,3050400,942LIVRE,942_,
L913,3050400,943LIVRE,943_,
L914,3050400,944LIVRE,944_,
L915,3050400,945LIVRE,945_,
L916,3050400,946LIVRE,946_,
L917,3050400,947LIVRE,947_,
L918,3050400,948LIVRE,948_,
L919,3050400,949LIVRE,949_,
L920,3050400,950LIVRE,950_,
L921,3050400,951LIVRE,951_,
L922,3050400,952LIVRE,952_,
L923,3050400,953LIVRE,953_,
L924,3050400,954LIVRE,954_,
L925,3050400,955LIVRE,955_,
L926,3050400,956LIVRE,956_,
L927,3050400,957LIVRE,957_,
L928,3050400,958LIVRE,958_,
L929,3050400,959LIVRE,959_,
L930,3050400,960LIVRE,960_,
L931,3050400,961LIVRE,961_,
L932,3050400,962LIVRE,962_,
L933,3050400,963LIVRE,963_,
L934,3050400,964LIVRE,964_,
L935,3050400,965LIVRE,965_,
L936,3050400,966LIVRE,966_,
L937,3050400,967LIVRE,967_,
L938,3050400,968LIVRE,968_,
L939,3050400,969LIVRE,969_,
L940,3050400,970LIVRE,970_,
L941,3050400,971LIVRE,971_,
L942,3050400,972LIVRE,972_,
L943,3050400,973LIVRE,973_,
L944,3050400,974LIVRE,974_,
L945,3050400,975LIVRE,975_,
L946,3050400,976LIVRE,976_,
L947,3050400,977LIVRE,977_,
L948,3050400,978LIVRE,978_,
L949,3050400,979LIVRE,979_,
L950,3050400,980LIVRE,980_,
L951,3050400,981LIVRE,981_,
L952,3050400,982LIVRE,982_,
L953,3050400,983LIVRE,983_,
L954,3050400,984LIVRE,984_,
L955,3050400,985LIVRE,985_,
L956,3050400,986LIVRE,986_,
L957,3050400,987LIVRE,987_,
L958,3050400,988LIVRE,988_,
L959,3050400,989LIVRE,989_,
L960,3050400,990LIVRE,990_,
L961,3050400,991LIVRE,991_,
L962,3050400,992LIVRE,992_,
L963,3050400,993LIVRE,993_,
L964,3050400,994LIVRE,994_,
L965,3050400,995LIVRE,995_,
L966,3050400,996LIVRE,996_,
L967,3050400,997LIVRE,997_,
L968,3050400,998LIVRE,998_,
L969,3050400,999LIVRE,999_,